{"parent": "item/generated", "textures": {"layer0": "item/firework_star"}, "overrides": [{"predicate": {"custom_model_data": 1001}, "model": "item/coin_spur"}, {"predicate": {"custom_model_data": 1002}, "model": "item/coin_bevel"}, {"predicate": {"custom_model_data": 1003}, "model": "item/coin_sprocket"}, {"predicate": {"custom_model_data": 1004}, "model": "item/coin_cog"}, {"predicate": {"custom_model_data": 1005}, "model": "item/coin_crown"}, {"predicate": {"custom_model_data": 1006}, "model": "item/coin_sun"}]}